,round_epochs,val_loss,val_matthews,val_precision,val_recall,loss,matthews,precision,recall,activation,batch_size,class_weight,dropout,epochs,first_hidden_layer,first_neuron,kernel_initializer,learning_rate,optimizer,second_hidden_layer
0,50,0.06962051644860248,0.8730902671813965,0.9101158380508423,0.8653943538665771,0.06651388629224261,0.8707584738731384,0.9189935922622681,0.8544855713844299,elu,64,,0.2,50,4,6,he_normal,1.0,<class 'keras.optimizers.Adam'>,6
1,200,0.07575301233857597,0.8522063493728638,0.9357771873474121,0.8072814345359802,0.06945779366460746,0.8595486879348755,0.9084057211875916,0.8414022922515869,relu,64,,0.2,200,6,6,normal,10.0,<class 'keras.optimizers.RMSprop'>,2
2,200,0.07040961007655837,0.850377082824707,0.9368669390678406,0.801952600479126,0.06333498325255982,0.87724769115448,0.9268863201141357,0.8598738312721252,relu,64,,0.0,200,6,4,normal,10.0,<class 'keras.optimizers.Adam'>,6
3,50,0.15290096748517587,0.8077422380447388,0.7454838156700134,0.9264424443244934,0.16615271726571634,0.8346953392028809,0.800379753112793,0.9132788181304932,elu,64,"{0: 0.550402853804047, 1: 5.460036607687615}",0.2,50,6,4,he_normal,1.0,<class 'keras.optimizers.RMSprop'>,2
4,200,0.07076427960448728,0.8454939723014832,0.9014801979064941,0.8271667957305908,0.06770545945186826,0.8758788108825684,0.9405463337898254,0.8429878950119019,elu,64,,0.2,200,4,4,he_normal,0.1,<class 'keras.optimizers.RMSprop'>,6
5,200,0.1404780998718718,0.8228784799575806,0.7676212787628174,0.9199215173721313,0.15390029057968216,0.8253979086875916,0.7743651270866394,0.9181257486343384,relu,512,"{0: 0.550402853804047, 1: 5.460036607687615}",0.2,200,6,4,he_normal,1.0,<class 'keras.optimizers.RMSprop'>,2
6,50,0.07807963837686531,0.8513738512992859,0.9077916145324707,0.8313366174697876,0.07809028831592464,0.8567652702331543,0.9164532423019409,0.8298377990722656,elu,64,,0.0,50,4,4,normal,0.1,<class 'keras.optimizers.Adam'>,6
7,50,0.695319272239184,0.0,0.08803887665271759,1.0,0.6897586706396163,0.0,0.09260096400976181,1.0,relu,512,"{0: 0.550402853804047, 1: 5.460036607687615}",0.0,50,4,6,normal,0.1,<class 'keras.optimizers.RMSprop'>,2
8,200,0.06852448011672405,0.8643535375595093,0.908465564250946,0.8519841432571411,0.0652107016007797,0.8801836371421814,0.919276237487793,0.8717227578163147,elu,64,,0.2,200,4,4,normal,10.0,<class 'keras.optimizers.RMSprop'>,2
9,50,0.13606861017982985,0.8028931617736816,0.7344338893890381,0.9296170473098755,0.16206695515584724,0.8247786164283752,0.7762914896011353,0.9226778149604797,elu,64,"{0: 0.550402853804047, 1: 5.460036607687615}",0.0,50,6,6,he_normal,1.0,<class 'keras.optimizers.RMSprop'>,2
10,50,0.07132515705602027,0.8620762228965759,0.9170571565628052,0.839600682258606,0.06575008054181027,0.8687815070152283,0.9040217995643616,0.8667559623718262,elu,64,,0.2,50,6,4,he_normal,10.0,<class 'keras.optimizers.RMSprop'>,6
11,200,0.1438681779108777,0.8023622632026672,0.7387099266052246,0.9282060861587524,0.14881014540988163,0.8203368186950684,0.7654203176498413,0.9309415221214294,relu,64,"{0: 0.550402853804047, 1: 5.460036607687615}",0.0,200,4,4,he_normal,10.0,<class 'keras.optimizers.Adam'>,6
12,50,0.12566623954795744,0.8432592153549194,0.8108262419700623,0.9200490713119507,0.15894000970299774,0.848406970500946,0.8142415881156921,0.9260928630828857,relu,64,"{0: 0.550402853804047, 1: 5.460036607687615}",0.0,50,6,4,normal,1.0,<class 'keras.optimizers.RMSprop'>,2
13,200,0.06780958725849497,0.8546571135520935,0.8823381066322327,0.8611993193626404,0.06517018069243141,0.8745517730712891,0.9345805048942566,0.847667396068573,elu,64,,0.2,200,4,4,he_normal,1.0,<class 'keras.optimizers.RMSprop'>,6
14,50,0.1346062053284516,0.8053988218307495,0.7421877980232239,0.9282061457633972,0.14884892289228213,0.8225895166397095,0.7745299935340881,0.9214403033256531,elu,64,"{0: 0.550402853804047, 1: 5.460036607687615}",0.2,50,6,6,he_normal,10.0,<class 'keras.optimizers.Adam'>,6
15,50,0.07042206392184303,0.8700729608535767,0.8926291465759277,0.8710117936134338,0.06593583610500361,0.8774755597114563,0.9200238585472107,0.8589622974395752,elu,512,,0.0,50,4,4,normal,10.0,<class 'keras.optimizers.RMSprop'>,2
16,50,0.07430933294843245,0.8551172614097595,0.9153941869735718,0.8286406397819519,0.06739722571635866,0.8724536299705505,0.9291303157806396,0.8501205444335938,relu,64,,0.2,50,6,6,he_normal,10.0,<class 'keras.optimizers.Adam'>,2
17,50,0.2940409775034263,0.7575888633728027,0.7786047458648682,0.7808271050453186,0.2945652656628254,0.7856894731521606,0.8113323450088501,0.8014469742774963,elu,512,,0.2,50,6,6,he_normal,0.1,<class 'keras.optimizers.Adam'>,6
18,50,0.16041535543343077,0.8157374858856201,0.7660574316978455,0.9179767966270447,0.1546302979495638,0.8284757137298584,0.7851445078849792,0.9208837151527405,relu,64,"{0: 0.550402853804047, 1: 5.460036607687615}",0.0,50,4,6,he_normal,10.0,<class 'keras.optimizers.Adam'>,6
19,50,0.06766513988342361,0.8585450053215027,0.8959687352180481,0.8540564179420471,0.06498763944339934,0.8701549768447876,0.9213314056396484,0.8524670600891113,elu,64,,0.0,50,4,4,normal,10.0,<class 'keras.optimizers.Adam'>,6
20,200,0.12661166869331478,0.8103083372116089,0.7558070421218872,0.908565878868103,0.14347314148849505,0.8235432505607605,0.7665477395057678,0.9247742891311646,relu,512,"{0: 0.550402853804047, 1: 5.460036607687615}",0.2,200,4,6,he_normal,10.0,<class 'keras.optimizers.Adam'>,2
21,50,0.07305718289823754,0.8565287590026855,0.9126039147377014,0.835588276386261,0.06704020529363754,0.8598049879074097,0.9205277562141418,0.8335329294204712,elu,64,,0.2,50,4,4,normal,10.0,<class 'keras.optimizers.RMSprop'>,2
22,200,0.13778981103704974,0.8159498572349548,0.7538295984268188,0.922279953956604,0.16246062119738403,0.8327574729919434,0.7803377509117126,0.9255561828613281,elu,512,"{0: 0.550402853804047, 1: 5.460036607687615}",0.2,200,4,4,normal,1.0,<class 'keras.optimizers.RMSprop'>,2
23,50,0.12640024083318444,0.8386679887771606,0.7930903434753418,0.9199215173721313,0.15580439424834489,0.8246294856071472,0.7699084281921387,0.9219772219657898,elu,512,"{0: 0.550402853804047, 1: 5.460036607687615}",0.0,50,4,6,normal,10.0,<class 'keras.optimizers.RMSprop'>,2
24,200,0.08450860921261119,0.8442217111587524,0.9040312767028809,0.8245401382446289,0.08407387883105447,0.8667775988578796,0.9250835180282593,0.8434361815452576,relu,64,,0.0,200,6,4,he_normal,0.1,<class 'keras.optimizers.RMSprop'>,2
25,50,0.15365808077669038,0.7911494970321655,0.7284911870956421,0.9043241739273071,0.17885808833498507,0.8134639263153076,0.7547013163566589,0.9202846884727478,relu,512,"{0: 0.550402853804047, 1: 5.460036607687615}",0.2,50,6,4,normal,1.0,<class 'keras.optimizers.Adam'>,6
26,50,0.5243821109173047,0.5887358784675598,0.5318797826766968,0.7517687678337097,0.5302008833718737,0.5721495747566223,0.5259143710136414,0.7279613614082336,relu,512,,0.2,50,4,6,he_normal,0.1,<class 'keras.optimizers.Adam'>,6
27,200,0.1581501323560464,0.0,0.0,0.0,0.16149657532705963,0.0,0.0,0.0,relu,512,,0.2,200,6,4,he_normal,0.1,<class 'keras.optimizers.Adam'>,6
28,200,0.10900698153906613,0.8409332036972046,0.8109965920448303,0.9031919240951538,0.15326747561183673,0.8478207588195801,0.8016024231910706,0.9297486543655396,relu,512,"{0: 0.550402853804047, 1: 5.460036607687615}",0.2,200,6,4,normal,10.0,<class 'keras.optimizers.RMSprop'>,2
29,50,0.29851247013902915,0.0,0.0,0.0,0.3097514029054654,0.0,0.0,0.0,relu,512,,0.0,50,6,4,normal,10.0,<class 'keras.optimizers.RMSprop'>,2
30,50,0.30885700694615353,0.2211052030324936,1.0,0.056212347000837326,0.31440086412196366,0.2154524177312851,0.9368420839309692,0.05957676097750664,relu,512,,0.2,50,6,6,he_normal,0.1,<class 'keras.optimizers.Adam'>,6
31,50,0.14740937630740059,0.8222007751464844,0.7751876711845398,0.9180649518966675,0.1746411488735204,0.8332282900810242,0.8007404208183289,0.9137948155403137,elu,64,"{0: 0.550402853804047, 1: 5.460036607687615}",0.0,50,6,6,he_normal,0.1,<class 'keras.optimizers.Adam'>,6
32,200,0.21031395383114432,0.7333055138587952,0.6348212361335754,0.9250314235687256,0.16058185292830515,0.8077234029769897,0.7532379031181335,0.9210395216941833,elu,64,"{0: 0.550402853804047, 1: 5.460036607687615}",0.2,200,4,4,he_normal,10.0,<class 'keras.optimizers.RMSprop'>,6
33,50,0.16505330450590472,0.7824521660804749,0.7006683945655823,0.9340261220932007,0.15983200103691558,0.8290678858757019,0.7838373780250549,0.9254018664360046,relu,64,"{0: 0.550402853804047, 1: 5.460036607687615}",0.2,50,6,6,he_normal,10.0,<class 'keras.optimizers.RMSprop'>,2
34,50,0.17213704731007323,0.0,0.0,0.0,0.17621670688096897,0.0,0.0,0.0,relu,512,,0.2,50,4,4,he_normal,0.1,<class 'keras.optimizers.RMSprop'>,6
35,200,0.14089412865491904,0.8170130252838135,0.7556034326553345,0.922279953956604,0.1609058051019996,0.8271921873092651,0.7760602831840515,0.9177058339118958,elu,512,"{0: 0.550402853804047, 1: 5.460036607687615}",0.2,200,4,6,normal,1.0,<class 'keras.optimizers.Adam'>,2
36,50,0.13929736175740182,0.8212944865226746,0.7710427641868591,0.9215923547744751,0.16822993774371434,0.8204511404037476,0.7661741971969604,0.9287915825843811,elu,64,"{0: 0.550402853804047, 1: 5.460036607687615}",0.0,50,4,6,normal,1.0,<class 'keras.optimizers.Adam'>,2
37,50,0.15418562186853685,0.8004715442657471,0.7332781553268433,0.9170538187026978,0.1545389791393138,0.8415166735649109,0.7929152846336365,0.9280404448509216,relu,512,"{0: 0.550402853804047, 1: 5.460036607687615}",0.0,50,4,4,he_normal,10.0,<class 'keras.optimizers.Adam'>,6
38,50,0.5319590000322388,0.37963080406188965,0.23592467606067657,0.9279990196228027,0.4783550365116303,0.39395931363105774,0.24929691851139069,0.9394246339797974,elu,512,"{0: 0.550402853804047, 1: 5.460036607687615}",0.0,50,6,6,he_normal,0.1,<class 'keras.optimizers.RMSprop'>,2
39,200,0.2223913963243036,0.7579536437988281,0.6815655827522278,0.898432731628418,0.21657634784993643,0.7701279520988464,0.7023230791091919,0.8974369168281555,relu,512,"{0: 0.550402853804047, 1: 5.460036607687615}",0.0,200,6,6,he_normal,0.1,<class 'keras.optimizers.Adam'>,6
40,200,0.07173468025185228,0.8616255521774292,0.8885998725891113,0.8596276044845581,0.06652802678690205,0.8811964988708496,0.9295221567153931,0.8565922975540161,relu,512,,0.0,200,6,4,he_normal,10.0,<class 'keras.optimizers.RMSprop'>,6
41,200,0.06681385911447936,0.8652621507644653,0.899187445640564,0.8625661730766296,0.06522796272108686,0.8783798813819885,0.9139640927314758,0.8753401637077332,relu,64,,0.0,200,6,4,normal,10.0,<class 'keras.optimizers.Adam'>,2
42,50,0.1164703282275773,0.8218080997467041,0.920729398727417,0.7681089639663696,0.12185344118077789,0.8352912664413452,0.9461668133735657,0.7719262838363647,relu,64,,0.0,50,4,6,he_normal,0.1,<class 'keras.optimizers.Adam'>,2
43,200,0.11601413792886833,0.8453245759010315,0.8163440823554993,0.9178445339202881,0.16617859365864984,0.8301398754119873,0.7877732515335083,0.9198002219200134,relu,64,"{0: 0.550402853804047, 1: 5.460036607687615}",0.0,200,4,4,he_normal,10.0,<class 'keras.optimizers.RMSprop'>,6
44,50,0.08007905130494994,0.8524044752120972,0.9187872409820557,0.814556896686554,0.07815248562001634,0.8506569862365723,0.9322094321250916,0.7999461889266968,elu,512,,0.0,50,6,4,he_normal,1.0,<class 'keras.optimizers.Adam'>,6
45,200,0.6998084919725602,0.0,0.08803887665271759,1.0,0.6983963839040507,0.0,0.09279057383537292,1.0,relu,512,"{0: 0.550402853804047, 1: 5.460036607687615}",0.2,200,4,6,normal,1.0,<class 'keras.optimizers.RMSprop'>,2
46,50,0.15648027557369967,0.7776435613632202,0.7138113379478455,0.8955864906311035,0.1820732005584387,0.7987052202224731,0.7379191517829895,0.909161388874054,relu,512,"{0: 0.550402853804047, 1: 5.460036607687615}",0.0,50,4,4,normal,1.0,<class 'keras.optimizers.RMSprop'>,6
47,50,0.2037105571403674,0.8072059154510498,0.7564311027526855,0.9025619626045227,0.19213958538786408,0.8215749859809875,0.7696455121040344,0.9167842864990234,elu,512,"{0: 0.550402853804047, 1: 5.460036607687615}",0.0,50,6,4,normal,1.0,<class 'keras.optimizers.Adam'>,2
48,50,0.08886886231077644,0.8481836318969727,0.9051839113235474,0.8279352188110352,0.09182368796049166,0.863116443157196,0.9209997653961182,0.8406358361244202,elu,64,,0.2,50,6,4,normal,0.1,<class 'keras.optimizers.Adam'>,2
49,50,0.15519176096811998,0.800603985786438,0.7464016079902649,0.900659441947937,0.17592841101649367,0.8109701871871948,0.7527171969413757,0.9161400198936462,relu,512,"{0: 0.550402853804047, 1: 5.460036607687615}",0.2,50,6,6,he_normal,1.0,<class 'keras.optimizers.Adam'>,2
50,200,0.15163028363979333,0.8097372651100159,0.7538595795631409,0.920490026473999,0.17541818352152105,0.8155232667922974,0.7631187438964844,0.9214923977851868,relu,64,"{0: 0.550402853804047, 1: 5.460036607687615}",0.2,200,6,4,normal,0.1,<class 'keras.optimizers.Adam'>,6
51,50,0.7010534070163913,0.0,0.08803887665271759,1.0,0.6986688001706987,0.0,0.054242052137851715,0.6315789222717285,relu,512,"{0: 0.550402853804047, 1: 5.460036607687615}",0.0,50,6,4,normal,10.0,<class 'keras.optimizers.RMSprop'>,2
52,50,0.06975439765893232,0.8565853238105774,0.8922708034515381,0.8468548655509949,0.0643907916181427,0.8891379833221436,0.9308517575263977,0.8697540760040283,relu,512,,0.2,50,6,6,normal,10.0,<class 'keras.optimizers.RMSprop'>,6
53,200,0.12429039600079309,0.0,0.0,0.0,0.1296582834334412,0.0,0.0,0.0,relu,512,,0.0,200,6,6,he_normal,0.1,<class 'keras.optimizers.Adam'>,2
54,50,0.06810222464739196,0.8532712459564209,0.9119488000869751,0.8303602933883667,0.07085899840889712,0.8722397089004517,0.925626277923584,0.849292516708374,relu,64,,0.0,50,4,4,normal,10.0,<class 'keras.optimizers.RMSprop'>,6
55,200,0.7005050737537519,0.0,0.08803887665271759,1.0,0.6983803137661092,0.0,0.0935489758849144,1.0,relu,512,"{0: 0.550402853804047, 1: 5.460036607687615}",0.0,200,4,4,normal,0.1,<class 'keras.optimizers.Adam'>,2
56,200,0.07089127555419235,0.8538433909416199,0.8837404847145081,0.8500629663467407,0.06091865323081124,0.8851673603057861,0.9298713803291321,0.863511860370636,relu,512,,0.0,200,6,6,he_normal,10.0,<class 'keras.optimizers.Adam'>,6
57,50,0.14192376080239,0.8080705404281616,0.7444045543670654,0.9282061457633972,0.1652090250335637,0.8192940354347229,0.7769978046417236,0.9101436138153076,elu,64,"{0: 0.550402853804047, 1: 5.460036607687615}",0.2,50,4,4,normal,1.0,<class 'keras.optimizers.RMSprop'>,6
58,50,0.06768262064024744,0.8716683387756348,0.8873772025108337,0.8870558142662048,0.06499580113497147,0.8664893507957458,0.9252454042434692,0.8418470621109009,elu,64,,0.2,50,6,6,he_normal,10.0,<class 'keras.optimizers.Adam'>,2
59,50,0.12338350160148708,0.7920687198638916,0.721036434173584,0.9288674592971802,0.1608760211539045,0.7981151938438416,0.7346701622009277,0.9234077334403992,elu,64,"{0: 0.550402853804047, 1: 5.460036607687615}",0.0,50,6,4,he_normal,10.0,<class 'keras.optimizers.RMSprop'>,6
60,200,0.07407231697258092,0.8535361886024475,0.8941546082496643,0.8472914695739746,0.07166466043636412,0.8666117191314697,0.9172231554985046,0.8493111729621887,relu,64,,0.2,200,4,4,normal,0.1,<class 'keras.optimizers.RMSprop'>,6
61,200,0.06888198872798278,0.8588261604309082,0.9184765219688416,0.8259444832801819,0.06669429498385653,0.877326488494873,0.9407054781913757,0.8387100100517273,elu,512,,0.0,200,4,6,he_normal,1.0,<class 'keras.optimizers.Adam'>,6
62,200,0.06763705194296155,0.8685806393623352,0.9140841364860535,0.8540564179420471,0.06526983514421796,0.8739083409309387,0.919252872467041,0.8606259822845459,elu,64,,0.2,200,6,4,normal,1.0,<class 'keras.optimizers.Adam'>,6
63,50,0.15375931316032462,0.7987260222434998,0.7292307615280151,0.9340261220932007,0.15459977054517288,0.8220345377922058,0.7753350138664246,0.919265866279602,elu,64,"{0: 0.550402853804047, 1: 5.460036607687615}",0.2,50,4,4,he_normal,10.0,<class 'keras.optimizers.Adam'>,6
64,50,0.1494212700255254,0.7975857257843018,0.725178599357605,0.922279953956604,0.1623572977065482,0.8386521339416504,0.7943326830863953,0.9200955629348755,elu,512,"{0: 0.550402853804047, 1: 5.460036607687615}",0.0,50,4,4,normal,10.0,<class 'keras.optimizers.Adam'>,2
65,200,0.1264927679839814,0.8029482960700989,0.7395491003990173,0.9244834780693054,0.14504217289201043,0.8174468874931335,0.7583907246589661,0.9330685138702393,elu,64,"{0: 0.550402853804047, 1: 5.460036607687615}",0.0,200,6,6,he_normal,10.0,<class 'keras.optimizers.Adam'>,2
66,200,0.07039510389604461,0.8672553300857544,0.902313232421875,0.8569765090942383,0.06776056904623284,0.8701198101043701,0.9181292653083801,0.8474834561347961,elu,512,,0.2,200,4,4,normal,1.0,<class 'keras.optimizers.RMSprop'>,6
67,50,0.1913630880927933,0.806026041507721,0.7620943188667297,0.9035146832466125,0.1954110243463577,0.8131059408187866,0.7841943502426147,0.8919703960418701,relu,64,"{0: 0.550402853804047, 1: 5.460036607687615}",0.0,50,6,4,he_normal,0.1,<class 'keras.optimizers.Adam'>,2
68,50,0.15036746159821252,0.7811412811279297,0.6967225670814514,0.9255274534225464,0.1497464684691009,0.8277410864830017,0.7738821506500244,0.9240143299102783,relu,512,"{0: 0.550402853804047, 1: 5.460036607687615}",0.0,50,6,4,he_normal,10.0,<class 'keras.optimizers.Adam'>,6
69,50,0.22130266644166072,0.7107429504394531,0.9108465909957886,0.5852539539337158,0.22334068246017674,0.7160811424255371,0.9166135191917419,0.5919229388237,relu,512,,0.0,50,6,6,he_normal,0.1,<class 'keras.optimizers.Adam'>,6
70,200,0.12420834565032407,0.8231997489929199,0.7729700207710266,0.924237847328186,0.15468020584289954,0.8157274127006531,0.7587184906005859,0.9308029413223267,relu,64,"{0: 0.550402853804047, 1: 5.460036607687615}",0.2,200,4,4,normal,1.0,<class 'keras.optimizers.RMSprop'>,2
71,50,0.06986562810655057,0.8689188361167908,0.8922649621963501,0.8754661083221436,0.06627100341104482,0.8645313382148743,0.9246662259101868,0.8364450335502625,elu,64,,0.2,50,6,6,he_normal,10.0,<class 'keras.optimizers.RMSprop'>,6
72,200,0.07332262230922773,0.8624452352523804,0.8836860656738281,0.8719765543937683,0.0634057509370716,0.8835340142250061,0.921204149723053,0.8744122982025146,elu,64,,0.2,200,4,4,normal,10.0,<class 'keras.optimizers.Adam'>,2
73,50,0.6556088530546623,0.0,0.0,0.0,0.6564628626245699,0.0,0.0,0.0,relu,512,,0.2,50,4,4,he_normal,0.1,<class 'keras.optimizers.Adam'>,2
74,200,0.0656395443250997,0.8649505972862244,0.8978772163391113,0.8633157014846802,0.062921445155433,0.8657218217849731,0.9256348609924316,0.8406311869621277,elu,64,,0.0,200,6,4,he_normal,1.0,<class 'keras.optimizers.Adam'>,6
75,50,0.5260326622998949,0.5470632910728455,0.39813387393951416,0.9053794145584106,0.45805961319922184,0.557345986366272,0.4141637086868286,0.9039220213890076,elu,512,"{0: 0.550402853804047, 1: 5.460036607687615}",0.2,50,6,4,normal,0.1,<class 'keras.optimizers.Adam'>,6
76,50,0.15742782309840092,0.7730223536491394,0.7066364884376526,0.9107897877693176,0.1923735072767293,0.7881745100021362,0.738396942615509,0.8964520692825317,elu,64,"{0: 0.550402853804047, 1: 5.460036607687615}",0.0,50,4,6,normal,0.1,<class 'keras.optimizers.RMSprop'>,6
77,200,0.07776951363487371,0.8647795915603638,0.879535973072052,0.8742583394050598,0.06500334675963405,0.8856603503227234,0.9252840280532837,0.8680781126022339,relu,512,,0.0,200,6,4,he_normal,10.0,<class 'keras.optimizers.Adam'>,2
78,50,0.6855530817721244,0.4002039134502411,0.24477383494377136,0.9561669230461121,0.6536782318452613,0.41455209255218506,0.26114410161972046,0.9580640196800232,relu,512,"{0: 0.550402853804047, 1: 5.460036607687615}",0.0,50,6,6,normal,0.1,<class 'keras.optimizers.RMSprop'>,6
79,50,0.06715423109341502,0.8705968260765076,0.9094241857528687,0.8555245995521545,0.06542400125590168,0.8755001425743103,0.93154376745224,0.8442178964614868,elu,512,,0.2,50,6,6,normal,10.0,<class 'keras.optimizers.Adam'>,6
80,200,0.07347351105512298,0.867245078086853,0.9044584631919861,0.8547729849815369,0.07167991514647956,0.8756308555603027,0.9265115857124329,0.8489949107170105,relu,512,,0.0,200,6,4,normal,1.0,<class 'keras.optimizers.RMSprop'>,2
81,200,0.14081374017615633,0.8110058903694153,0.7502670288085938,0.9169453382492065,0.15201420693790318,0.8356340527534485,0.7893231511116028,0.9200661182403564,elu,512,"{0: 0.550402853804047, 1: 5.460036607687615}",0.2,200,4,4,he_normal,10.0,<class 'keras.optimizers.Adam'>,2
82,200,0.06915897210384159,0.8584732413291931,0.902292788028717,0.8479529023170471,0.06416560004026382,0.8704229593276978,0.919176459312439,0.8499176502227783,elu,64,,0.0,200,6,4,he_normal,10.0,<class 'keras.optimizers.Adam'>,2
83,50,0.3511875714872681,0.4494946300983429,0.3714839518070221,0.7104448080062866,0.3546007595553506,0.4543459117412567,0.38478127121925354,0.7034298181533813,elu,512,,0.0,50,4,6,he_normal,0.1,<class 'keras.optimizers.Adam'>,6
84,200,0.1307853797650941,0.8315120339393616,0.7857151627540588,0.9275447130203247,0.1543656590328464,0.8250598311424255,0.7784791588783264,0.9208130240440369,elu,64,"{0: 0.550402853804047, 1: 5.460036607687615}",0.2,200,4,4,normal,1.0,<class 'keras.optimizers.Adam'>,6
85,200,0.06754218839591834,0.8619518876075745,0.9181405305862427,0.838958203792572,0.06081232427281996,0.8687955141067505,0.906002938747406,0.8626518249511719,relu,64,,0.0,200,6,6,he_normal,10.0,<class 'keras.optimizers.Adam'>,6
86,200,0.06989397417253468,0.8656209111213684,0.9225357174873352,0.834526538848877,0.06493530859524466,0.8724655508995056,0.9048237800598145,0.8653151988983154,relu,512,,0.0,200,4,6,normal,10.0,<class 'keras.optimizers.RMSprop'>,6
87,50,0.07374012619645506,0.8607298135757446,0.8699625730514526,0.8772724866867065,0.06713437806956055,0.8803317546844482,0.9335180521011353,0.851193368434906,relu,512,,0.2,50,6,4,he_normal,10.0,<class 'keras.optimizers.RMSprop'>,2
88,50,0.06967235790708534,0.8590341806411743,0.8785369992256165,0.8650385141372681,0.06561598091486567,0.8733781576156616,0.9165396690368652,0.8554112315177917,relu,512,,0.0,50,6,6,he_normal,10.0,<class 'keras.optimizers.Adam'>,6
89,200,0.06940770667459818,0.868340015411377,0.9198538064956665,0.8418142199516296,0.06463707794612547,0.8819355964660645,0.9323104023933411,0.8553645610809326,elu,512,,0.2,200,4,6,normal,10.0,<class 'keras.optimizers.RMSprop'>,6
90,200,0.06652527289714379,0.8613844513893127,0.9364511966705322,0.8207734823226929,0.06531994947358782,0.8784793019294739,0.917519211769104,0.8714119791984558,relu,64,,0.0,200,6,4,he_normal,10.0,<class 'keras.optimizers.Adam'>,2
91,50,0.06838890792663677,0.8699764609336853,0.9023061394691467,0.8614900708198547,0.06805288239603044,0.8788483142852783,0.926805317401886,0.8544776439666748,relu,512,,0.2,50,6,4,he_normal,10.0,<class 'keras.optimizers.Adam'>,2
92,50,0.6731026844614814,0.33723509311676025,0.23404961824417114,0.798742949962616,0.6683158097545255,0.37062129378318787,0.2583366334438324,0.8325246572494507,relu,512,,0.2,50,6,4,he_normal,0.1,<class 'keras.optimizers.RMSprop'>,2
93,50,0.07832469158142857,0.8420823812484741,0.9043902158737183,0.8187704682350159,0.07716673162832012,0.8566125631332397,0.9247406125068665,0.8255453109741211,elu,64,,0.0,50,6,4,normal,0.1,<class 'keras.optimizers.Adam'>,6
94,200,0.0676224944270779,0.8641040921211243,0.9057696461677551,0.8544343709945679,0.06700073064908721,0.8651649355888367,0.9180837869644165,0.8456290364265442,elu,64,,0.2,200,4,4,normal,1.0,<class 'keras.optimizers.RMSprop'>,2
95,50,0.07207367272628043,0.872172474861145,0.8997470140457153,0.8679777979850769,0.07248200912927759,0.8789932131767273,0.9226754903793335,0.8596113920211792,relu,512,,0.0,50,4,4,he_normal,10.0,<class 'keras.optimizers.Adam'>,6
96,200,0.10390510289717733,0.833415687084198,0.796715259552002,0.9185059666633606,0.15709012690669885,0.8190900087356567,0.7703918218612671,0.9210585951805115,relu,64,"{0: 0.550402853804047, 1: 5.460036607687615}",0.2,200,4,4,he_normal,10.0,<class 'keras.optimizers.RMSprop'>,6
97,50,0.07162350530661911,0.8538541793823242,0.9190412759780884,0.8258440494537354,0.0667306908369445,0.8773550391197205,0.9219252467155457,0.8629275560379028,relu,64,,0.0,50,4,4,he_normal,10.0,<class 'keras.optimizers.RMSprop'>,2
98,200,0.16144715683770175,0.7994681000709534,0.7337631583213806,0.9264424443244934,0.1542147911257214,0.8388339877128601,0.7949845790863037,0.9297394156455994,elu,64,"{0: 0.550402853804047, 1: 5.460036607687615}",0.2,200,6,4,normal,10.0,<class 'keras.optimizers.Adam'>,2
99,200,0.06770151866836274,0.8632731437683105,0.9177689552307129,0.8419815301895142,0.06712634183891457,0.8729411959648132,0.9285496473312378,0.8515763282775879,relu,64,,0.2,200,4,6,normal,1.0,<class 'keras.optimizers.RMSprop'>,2
100,200,0.11518364591347778,0.8258603811264038,0.7969561815261841,0.9053475856781006,0.15858295648693785,0.8222742676734924,0.7758662700653076,0.9208316802978516,relu,64,"{0: 0.550402853804047, 1: 5.460036607687615}",0.0,200,4,6,he_normal,10.0,<class 'keras.optimizers.RMSprop'>,6
101,50,0.08657303048972607,0.8419825434684753,0.9279162883758545,0.7961324453353882,0.08227398732170406,0.849431574344635,0.9295134544372559,0.8083590269088745,elu,64,,0.0,50,6,6,he_normal,0.1,<class 'keras.optimizers.RMSprop'>,6
102,50,0.5915012927839233,0.4532034397125244,1.0,0.22171849012374878,0.5939354540795253,0.43429189920425415,1.0,0.2063831388950348,elu,512,,0.0,50,4,4,normal,0.1,<class 'keras.optimizers.RMSprop'>,6
103,200,0.065036992230463,0.8686525225639343,0.9118474721908569,0.8497338891029358,0.06468636315615697,0.8796902894973755,0.928143322467804,0.8546786904335022,relu,512,,0.0,200,6,6,normal,10.0,<class 'keras.optimizers.RMSprop'>,2
104,50,0.07487275934035084,0.8633185625076294,0.8957048058509827,0.8558459877967834,0.07035278772206548,0.8821635246276855,0.9404247403144836,0.8481297492980957,relu,512,,0.0,50,6,6,he_normal,1.0,<class 'keras.optimizers.RMSprop'>,6
105,200,0.14701885096164505,0.8168162107467651,0.764623761177063,0.9198287129402161,0.16691439424032045,0.8205905556678772,0.7730920314788818,0.9204862713813782,elu,64,"{0: 0.550402853804047, 1: 5.460036607687615}",0.2,200,6,4,he_normal,0.1,<class 'keras.optimizers.Adam'>,2
106,200,0.07158294293834283,0.8644479513168335,0.9226980209350586,0.83254075050354,0.06306905509716097,0.8839899301528931,0.9035924673080444,0.887306809425354,relu,512,,0.0,200,4,4,normal,10.0,<class 'keras.optimizers.Adam'>,6
107,50,0.4308845298533585,0.7679783701896667,0.6891133785247803,0.9200490713119507,0.29582232024985305,0.7644591331481934,0.6963973045349121,0.9010352492332458,relu,64,"{0: 0.550402853804047, 1: 5.460036607687615}",0.2,50,4,4,he_normal,0.1,<class 'keras.optimizers.RMSprop'>,2
108,200,0.2115580851893464,0.746512770652771,0.6533520221710205,0.9126558899879456,0.41203463293228215,0.7465270757675171,0.6687232851982117,0.8941798210144043,relu,512,"{0: 0.550402853804047, 1: 5.460036607687615}",0.2,200,4,4,he_normal,0.1,<class 'keras.optimizers.Adam'>,2
109,50,0.08071114674954312,0.840933620929718,0.900951087474823,0.8184493184089661,0.08195856691085567,0.8415451645851135,0.9169550538063049,0.8080675601959229,relu,64,,0.0,50,4,4,normal,0.1,<class 'keras.optimizers.Adam'>,6
110,200,0.1265457308718665,0.8200271129608154,0.7604424357414246,0.922279953956604,0.15095967310649275,0.8307996988296509,0.779933750629425,0.9217378497123718,relu,512,"{0: 0.550402853804047, 1: 5.460036607687615}",0.2,200,4,4,normal,10.0,<class 'keras.optimizers.Adam'>,2
111,200,0.21486027088818316,0.7676866054534912,0.6978667378425598,0.8977524042129517,0.21167223797472753,0.7884777784347534,0.7403733730316162,0.8865605592727661,elu,512,"{0: 0.550402853804047, 1: 5.460036607687615}",0.0,200,6,4,he_normal,0.1,<class 'keras.optimizers.RMSprop'>,2
112,50,0.12854325974293965,0.8265715837478638,0.7756086587905884,0.9166442155838013,0.15907134300295267,0.8369209170341492,0.7882594466209412,0.9247323870658875,elu,512,"{0: 0.550402853804047, 1: 5.460036607687615}",0.2,50,4,6,normal,10.0,<class 'keras.optimizers.RMSprop'>,2
113,50,0.08932865225009921,0.8565593957901001,0.9148580431938171,0.8256714940071106,0.08857048372351499,0.8665664196014404,0.9334763884544373,0.8265998959541321,elu,512,,0.0,50,6,6,he_normal,1.0,<class 'keras.optimizers.Adam'>,2
114,50,0.15961654649676002,0.8122227191925049,0.7630163431167603,0.903809666633606,0.17583017597405542,0.836447536945343,0.7944601774215698,0.915622889995575,relu,512,"{0: 0.550402853804047, 1: 5.460036607687615}",0.2,50,6,4,he_normal,1.0,<class 'keras.optimizers.RMSprop'>,2
115,200,0.06983610373873819,0.8609452247619629,0.8827641606330872,0.8642045259475708,0.06435450763556996,0.8832831978797913,0.9317342638969421,0.8582617044448853,elu,512,,0.0,200,6,4,he_normal,10.0,<class 'keras.optimizers.RMSprop'>,2
116,200,0.06685275279275975,0.8611066937446594,0.9054736495018005,0.84876549243927,0.06262157695021413,0.8689033389091492,0.9152896404266357,0.8547764420509338,elu,64,,0.0,200,4,4,he_normal,10.0,<class 'keras.optimizers.Adam'>,6
117,200,0.07400080019310727,0.8567292094230652,0.9067018628120422,0.8408099412918091,0.07078711142253627,0.8745036125183105,0.9272893667221069,0.854973554611206,relu,64,,0.0,200,4,4,normal,0.1,<class 'keras.optimizers.RMSprop'>,6
118,50,0.3796753537530546,0.5453622341156006,0.38719892501831055,0.9271394610404968,0.3559936517575996,0.562404215335846,0.40799713134765625,0.9313290119171143,elu,512,"{0: 0.550402853804047, 1: 5.460036607687615}",0.0,50,6,4,he_normal,0.1,<class 'keras.optimizers.Adam'>,6
119,50,0.15704631116606624,0.8174319267272949,0.7632307410240173,0.9224741458892822,0.17074311035853743,0.8365135788917542,0.7967759966850281,0.9207534193992615,relu,64,"{0: 0.550402853804047, 1: 5.460036607687615}",0.2,50,4,6,he_normal,1.0,<class 'keras.optimizers.Adam'>,2
120,50,0.0884881595777302,0.8365603089332581,0.9170193076133728,0.7963213920593262,0.08326755523548425,0.8571395874023438,0.9318324327468872,0.8199365735054016,elu,64,,0.2,50,6,6,he_normal,0.1,<class 'keras.optimizers.RMSprop'>,2
121,200,0.08360740042777016,0.848432183265686,0.9137157201766968,0.8124809861183167,0.0824456690232162,0.8592354655265808,0.9328965544700623,0.8145559430122375,elu,512,,0.2,200,4,6,normal,0.1,<class 'keras.optimizers.Adam'>,6
122,200,0.06812012927277837,0.8686668872833252,0.9020848274230957,0.8657407164573669,0.06502464707669627,0.8694994449615479,0.9174063801765442,0.8543602228164673,relu,64,,0.0,200,6,4,normal,1.0,<class 'keras.optimizers.Adam'>,6
123,50,0.13949201230319583,0.8232809901237488,0.7687889337539673,0.9308515787124634,0.15817953768297682,0.8340293169021606,0.7924186587333679,0.9208641052246094,relu,64,"{0: 0.550402853804047, 1: 5.460036607687615}",0.0,50,4,6,he_normal,1.0,<class 'keras.optimizers.Adam'>,6
124,200,0.16855039957634177,0.8199650645256042,0.7665283679962158,0.9145498871803284,0.1710689819622872,0.834770917892456,0.7870764136314392,0.9216247200965881,relu,512,"{0: 0.550402853804047, 1: 5.460036607687615}",0.0,200,4,4,normal,1.0,<class 'keras.optimizers.Adam'>,2
125,200,0.21308748118407322,0.6227969527244568,0.4816608726978302,0.917978048324585,0.25790411159681637,0.6408358216285706,0.5049545764923096,0.9235348701477051,relu,512,"{0: 0.550402853804047, 1: 5.460036607687615}",0.2,200,6,4,he_normal,0.1,<class 'keras.optimizers.Adam'>,6
126,50,0.06750220438751788,0.8574953675270081,0.9024943113327026,0.8464726805686951,0.06618256453327952,0.8685794472694397,0.9130021929740906,0.8582040071487427,elu,64,,0.2,50,4,6,normal,10.0,<class 'keras.optimizers.RMSprop'>,2
127,50,0.14576180582680595,0.8156490325927734,0.7615845799446106,0.9122283458709717,0.1735584953012442,0.8211463689804077,0.7706981301307678,0.914320707321167,elu,512,"{0: 0.550402853804047, 1: 5.460036607687615}",0.2,50,6,6,normal,1.0,<class 'keras.optimizers.RMSprop'>,6
128,200,0.140299046815907,0.8106277585029602,0.74587082862854,0.9228254556655884,0.15093234232153066,0.8237586617469788,0.7645337581634521,0.9269671440124512,relu,512,"{0: 0.550402853804047, 1: 5.460036607687615}",0.2,200,6,6,normal,10.0,<class 'keras.optimizers.Adam'>,2
129,200,0.13167524268572697,0.8122385740280151,0.7573662400245667,0.9237086772918701,0.15482523239333867,0.8271592855453491,0.7770434021949768,0.9293205738067627,elu,64,"{0: 0.550402853804047, 1: 5.460036607687615}",0.2,200,6,4,he_normal,1.0,<class 'keras.optimizers.RMSprop'>,2
130,200,0.07644038445468662,0.8488897085189819,0.8935922980308533,0.8401297926902771,0.07494847219248638,0.8687413930892944,0.9245195388793945,0.8482367992401123,elu,64,,0.2,200,4,4,normal,0.1,<class 'keras.optimizers.Adam'>,2
131,200,0.13526033717969643,0.8288127779960632,0.7774720191955566,0.9190564155578613,0.15825443174063575,0.8361985087394714,0.7897627949714661,0.920600414276123,relu,512,"{0: 0.550402853804047, 1: 5.460036607687615}",0.2,200,4,4,normal,1.0,<class 'keras.optimizers.RMSprop'>,6
132,50,0.07252192817746794,0.8583783507347107,0.8996471762657166,0.8507117629051208,0.06700518443267008,0.8759065866470337,0.9215661883354187,0.8633041381835938,relu,64,,0.0,50,6,4,he_normal,10.0,<class 'keras.optimizers.Adam'>,2
133,50,0.636339041430097,0.5688052773475647,0.418975830078125,0.9136025905609131,0.6354480010238086,0.5720933079719543,0.42674440145492554,0.910781741142273,relu,512,"{0: 0.550402853804047, 1: 5.460036607687615}",0.0,50,4,4,normal,0.1,<class 'keras.optimizers.Adam'>,6
134,50,0.07594915341214918,0.8487477898597717,0.8909705877304077,0.8344579339027405,0.07873806905472415,0.8494051694869995,0.9165419340133667,0.812134861946106,elu,512,,0.2,50,6,6,he_normal,1.0,<class 'keras.optimizers.Adam'>,6
135,50,0.09837508992078525,0.8477914333343506,0.8300544619560242,0.9048815369606018,0.15742820028410712,0.8122403025627136,0.7669440507888794,0.9126092791557312,elu,64,"{0: 0.550402853804047, 1: 5.460036607687615}",0.0,50,4,6,normal,10.0,<class 'keras.optimizers.RMSprop'>,6
136,200,0.1653561066768588,0.7677900791168213,0.672394335269928,0.9316169023513794,0.14798678443781008,0.8278372287750244,0.7760692238807678,0.9209610819816589,elu,512,"{0: 0.550402853804047, 1: 5.460036607687615}",0.2,200,4,4,he_normal,10.0,<class 'keras.optimizers.RMSprop'>,6
137,50,0.0708051175077966,0.8617014288902283,0.892693281173706,0.8623708486557007,0.06806065053344026,0.8741459250450134,0.9164480566978455,0.8646948933601379,elu,64,,0.0,50,4,4,normal,1.0,<class 'keras.optimizers.RMSprop'>,2
138,200,0.5154038109227567,0.8459064960479736,0.900475263595581,0.8203368782997131,0.5137250955280419,0.8592429757118225,0.9216631650924683,0.8252180814743042,relu,512,,0.0,200,4,6,normal,0.1,<class 'keras.optimizers.RMSprop'>,2
139,200,0.13483892424484917,0.835119903087616,0.7896436452865601,0.9169453382492065,0.15498345278967893,0.8358721733093262,0.7897734642028809,0.9203726053237915,relu,512,"{0: 0.550402853804047, 1: 5.460036607687615}",0.2,200,4,4,he_normal,10.0,<class 'keras.optimizers.Adam'>,2
140,200,0.0678084129904706,0.8688690662384033,0.9239922165870667,0.8453074097633362,0.06172914645309877,0.8740465044975281,0.9130303859710693,0.8645043969154358,relu,64,,0.2,200,6,6,he_normal,10.0,<class 'keras.optimizers.Adam'>,2
141,50,0.06791160422092132,0.8722637295722961,0.9067408442497253,0.8610911965370178,0.06573060880149106,0.8816642761230469,0.9302874207496643,0.8561766743659973,elu,512,,0.0,50,4,6,normal,10.0,<class 'keras.optimizers.Adam'>,6
142,200,0.14562014272417537,0.7972238659858704,0.7295088171958923,0.9274124503135681,0.15638469131691196,0.8153247833251953,0.7664002180099487,0.9177024960517883,relu,64,"{0: 0.550402853804047, 1: 5.460036607687615}",0.2,200,4,4,normal,1.0,<class 'keras.optimizers.RMSprop'>,6
143,200,0.07243569046425441,0.8510969281196594,0.8989166021347046,0.8386747241020203,0.07042873933595728,0.8725545406341553,0.9306132793426514,0.8476959466934204,relu,64,,0.0,200,4,6,normal,0.1,<class 'keras.optimizers.Adam'>,6
144,50,0.5760306271927689,0.706699788570404,0.701783299446106,0.7687191367149353,0.6375127514406386,0.7232626080513,0.7308482527732849,0.7707292437553406,relu,512,"{0: 0.550402853804047, 1: 5.460036607687615}",0.0,50,4,6,normal,0.1,<class 'keras.optimizers.Adam'>,6
145,200,0.13649638063571043,0.8175858855247498,0.7654874324798584,0.9218128323554993,0.17146287509904307,0.8272188901901245,0.7824580669403076,0.9196760654449463,elu,64,"{0: 0.550402853804047, 1: 5.460036607687615}",0.0,200,4,6,he_normal,0.1,<class 'keras.optimizers.Adam'>,2
146,200,0.06898753412173349,0.8583869338035583,0.9149910807609558,0.8385613560676575,0.06165541668821772,0.8686397075653076,0.9323179125785828,0.8388257622718811,relu,64,,0.0,200,6,6,he_normal,1.0,<class 'keras.optimizers.Adam'>,6
147,50,0.13751367685300173,0.796160876750946,0.7220349311828613,0.9228452444076538,0.15321238327528783,0.8344151377677917,0.7848648428916931,0.9228677153587341,elu,512,"{0: 0.550402853804047, 1: 5.460036607687615}",0.2,50,6,6,normal,10.0,<class 'keras.optimizers.Adam'>,2
148,50,0.3794450776095067,0.8138555288314819,0.7587862610816956,0.9119272232055664,0.2614438881222975,0.8289195895195007,0.7711060047149658,0.9285379648208618,relu,512,"{0: 0.550402853804047, 1: 5.460036607687615}",0.0,50,6,6,normal,1.0,<class 'keras.optimizers.RMSprop'>,6
149,50,0.6383296920165609,0.0,0.0,0.0,0.6397826806592556,0.0,0.0,0.0,relu,512,,0.2,50,6,6,normal,0.1,<class 'keras.optimizers.RMSprop'>,2
150,50,0.07696564208696728,0.852607011795044,0.9064921140670776,0.8268740773200989,0.07793612385992549,0.8572261333465576,0.9158167839050293,0.8268271684646606,relu,512,,0.2,50,4,4,he_normal,1.0,<class 'keras.optimizers.Adam'>,2
151,50,0.08565454387878672,0.8374698162078857,0.9127424359321594,0.8025195598602295,0.08302755239619859,0.8501207232475281,0.9250913858413696,0.8137947916984558,elu,64,,0.2,50,4,6,normal,0.1,<class 'keras.optimizers.RMSprop'>,6
152,200,0.7023822643160672,0.0,0.08803887665271759,1.0,0.6985340957795878,0.0,0.09298016875982285,1.0,relu,512,"{0: 0.550402853804047, 1: 5.460036607687615}",0.0,200,4,4,he_normal,10.0,<class 'keras.optimizers.RMSprop'>,2
153,50,0.07392177544117921,0.8520116209983826,0.9000439643859863,0.838958203792572,0.0669900702757435,0.8698152899742126,0.9138967394828796,0.8570076823234558,elu,64,,0.0,50,4,6,he_normal,1.0,<class 'keras.optimizers.Adam'>,2
154,50,0.06832286544275515,0.871824324131012,0.9257661700248718,0.8422356843948364,0.06380854931447089,0.8857160806655884,0.9274803996086121,0.8669033050537109,relu,512,,0.0,50,4,4,he_normal,10.0,<class 'keras.optimizers.RMSprop'>,6
155,50,0.06788681287189882,0.8746150732040405,0.9071711897850037,0.865318238735199,0.06553358962801402,0.8777971863746643,0.9122898578643799,0.8671984672546387,relu,512,,0.2,50,4,6,he_normal,10.0,<class 'keras.optimizers.Adam'>,6
156,50,0.5770801898709059,0.736639678478241,0.7995154857635498,0.7210942506790161,0.5791764706436651,0.7483731508255005,0.8300858736038208,0.7143260836601257,elu,512,,0.2,50,6,6,normal,0.1,<class 'keras.optimizers.RMSprop'>,6
157,50,0.631947009149603,0.6346613168716431,0.5134515166282654,0.8864869475364685,0.6489633078167113,0.6528081893920898,0.5420664548873901,0.8856606483459473,relu,512,"{0: 0.550402853804047, 1: 5.460036607687615}",0.2,50,6,4,normal,0.1,<class 'keras.optimizers.Adam'>,6
158,50,0.07113927335697841,0.8664063215255737,0.9210065007209778,0.8434556126594543,0.06796059133814035,0.8741498589515686,0.9399605989456177,0.8426054120063782,relu,64,,0.0,50,4,4,he_normal,10.0,<class 'keras.optimizers.RMSprop'>,6
159,50,0.06843204431787137,0.8555697798728943,0.9056689143180847,0.8407658934593201,0.06542872610549919,0.8589860200881958,0.9380029439926147,0.8178324103355408,relu,64,,0.0,50,4,6,he_normal,10.0,<class 'keras.optimizers.RMSprop'>,6
160,200,0.06957417401814242,0.8668343424797058,0.9067767858505249,0.8517659306526184,0.06608930417911811,0.8787919878959656,0.9341794848442078,0.8471323251724243,relu,512,,0.0,200,4,6,normal,1.0,<class 'keras.optimizers.Adam'>,2
161,200,0.16535166706330195,0.7583684921264648,0.6772276759147644,0.9043581485748291,0.19637326558075746,0.779676616191864,0.715305507183075,0.9014148712158203,elu,512,"{0: 0.550402853804047, 1: 5.460036607687615}",0.0,200,6,6,normal,0.1,<class 'keras.optimizers.Adam'>,6
162,50,0.39677865243384347,0.7404890656471252,0.6626884937286377,0.9016188383102417,0.2896495908054711,0.7647303938865662,0.7100649476051331,0.8877109885215759,relu,64,"{0: 0.550402853804047, 1: 5.460036607687615}",0.0,50,4,4,he_normal,0.1,<class 'keras.optimizers.RMSprop'>,6
163,200,0.12891039055054496,0.824887752532959,0.7762755751609802,0.9250314235687256,0.15085052113651773,0.8233848214149475,0.770317792892456,0.9274832010269165,elu,64,"{0: 0.550402853804047, 1: 5.460036607687615}",0.2,200,4,4,he_normal,1.0,<class 'keras.optimizers.Adam'>,6
164,50,0.0703277696342179,0.8691233992576599,0.9132400751113892,0.8553603291511536,0.0712834801532807,0.8720937967300415,0.9292693734169006,0.8489010334014893,relu,64,,0.2,50,4,4,he_normal,10.0,<class 'keras.optimizers.RMSprop'>,6
165,50,0.15057213843490458,0.8000577688217163,0.7451860904693604,0.901640772819519,0.17672909638916193,0.8196005821228027,0.7633056640625,0.9196550250053406,relu,512,"{0: 0.550402853804047, 1: 5.460036607687615}",0.2,50,4,6,he_normal,1.0,<class 'keras.optimizers.Adam'>,6
166,200,0.07122944892081842,0.8700257539749146,0.9014644026756287,0.8625500798225403,0.06313338522748167,0.8801361918449402,0.9199941754341125,0.862412691116333,relu,512,,0.2,200,6,4,he_normal,10.0,<class 'keras.optimizers.RMSprop'>,6
167,200,0.07360350466276669,0.862585186958313,0.9072058200836182,0.850862979888916,0.06910477454622231,0.8563336133956909,0.9184491634368896,0.8301233649253845,elu,64,,0.2,200,6,6,he_normal,0.1,<class 'keras.optimizers.RMSprop'>,6
168,200,0.11145527930784557,0.8402622938156128,0.9208616018295288,0.7994393110275269,0.10465379112918309,0.8488883972167969,0.931662917137146,0.8064545392990112,relu,64,,0.2,200,6,4,he_normal,0.1,<class 'keras.optimizers.RMSprop'>,2
169,200,0.15133720663380085,0.7786662578582764,0.6913734078407288,0.9283920526504517,0.14171580004154138,0.8158468008041382,0.7562063932418823,0.9228858947753906,relu,512,"{0: 0.550402853804047, 1: 5.460036607687615}",0.0,200,4,6,normal,10.0,<class 'keras.optimizers.Adam'>,6
170,50,0.45116329742981776,0.7310323715209961,0.6427896618843079,0.8953753709793091,0.31892748902127205,0.7541547417640686,0.6828506588935852,0.8925572633743286,relu,512,"{0: 0.550402853804047, 1: 5.460036607687615}",0.2,50,6,6,he_normal,0.1,<class 'keras.optimizers.RMSprop'>,6
171,200,0.06840958499548777,0.8661366105079651,0.8886530995368958,0.8679270148277283,0.06267091949228887,0.885870099067688,0.9218560457229614,0.8717218637466431,elu,512,,0.0,200,4,6,normal,10.0,<class 'keras.optimizers.Adam'>,2
172,50,0.0700396286665483,0.860802948474884,0.9175971746444702,0.8378811478614807,0.06662145747992271,0.8695937991142273,0.9137970805168152,0.8579796552658081,elu,64,,0.2,50,4,4,he_normal,1.0,<class 'keras.optimizers.RMSprop'>,2
173,200,0.1323654147825704,0.8171680569648743,0.7600768804550171,0.9166978597640991,0.156384299289183,0.833733320236206,0.7804530262947083,0.9280171394348145,relu,512,"{0: 0.550402853804047, 1: 5.460036607687615}",0.2,200,4,6,normal,1.0,<class 'keras.optimizers.Adam'>,6
174,50,0.07629849730826857,0.8565144538879395,0.904876708984375,0.8353094458580017,0.07525549171648668,0.8686721324920654,0.9303537607192993,0.8330696821212769,elu,512,,0.2,50,6,4,normal,1.0,<class 'keras.optimizers.Adam'>,6
175,50,0.1258019173533087,0.815949022769928,0.7610426545143127,0.9137371778488159,0.16003736688665451,0.8305169939994812,0.7809901237487793,0.9197375774383545,elu,512,"{0: 0.550402853804047, 1: 5.460036607687615}",0.2,50,4,6,he_normal,10.0,<class 'keras.optimizers.Adam'>,6
176,50,0.3934362112276898,0.8400962948799133,0.9199925065040588,0.8016942739486694,0.39070930495927975,0.8302831053733826,0.918383777141571,0.7826842665672302,relu,64,,0.2,50,4,6,he_normal,0.1,<class 'keras.optimizers.RMSprop'>,2
177,200,0.13611358404159546,0.8149963617324829,0.7675040364265442,0.9145376682281494,0.1786499016808418,0.8207041621208191,0.7775368094444275,0.914667010307312,elu,64,"{0: 0.550402853804047, 1: 5.460036607687615}",0.2,200,6,4,normal,0.1,<class 'keras.optimizers.RMSprop'>,2
178,200,0.0702511539702635,0.8591650724411011,0.8972770571708679,0.8464595675468445,0.0640787033609199,0.8789705038070679,0.9151075482368469,0.8656535744667053,relu,512,,0.0,200,6,4,he_normal,1.0,<class 'keras.optimizers.RMSprop'>,6
179,50,0.14447092923361401,0.8063202500343323,0.7358899712562561,0.9257521629333496,0.1560753695365468,0.8276366591453552,0.7743168473243713,0.9227586984634399,elu,512,"{0: 0.550402853804047, 1: 5.460036607687615}",0.0,50,6,6,normal,10.0,<class 'keras.optimizers.Adam'>,6
180,50,0.06886281370506087,0.856471061706543,0.9178256392478943,0.829812228679657,0.06714452675786765,0.8758373856544495,0.9390183091163635,0.8458822965621948,elu,64,,0.0,50,4,6,normal,10.0,<class 'keras.optimizers.RMSprop'>,2
181,200,0.07617456808932327,0.8471367955207825,0.8857331275939941,0.8437011241912842,0.06516012741929168,0.8731601238250732,0.9164777398109436,0.859116792678833,relu,64,,0.0,200,6,6,he_normal,1.0,<class 'keras.optimizers.Adam'>,2
182,50,0.14032634970624955,0.8622077703475952,0.8617438673973083,0.8976379036903381,0.16370390120238737,0.8336117267608643,0.7943583726882935,0.9195464253425598,relu,64,"{0: 0.550402853804047, 1: 5.460036607687615}",0.0,50,4,4,normal,10.0,<class 'keras.optimizers.RMSprop'>,2
183,200,0.0666908311877545,0.8632848858833313,0.9176114201545715,0.8414084315299988,0.06437183277607725,0.8719702363014221,0.9341809749603271,0.8439746499061584,elu,64,,0.2,200,4,6,normal,1.0,<class 'keras.optimizers.Adam'>,2
184,50,0.29834899583080726,0.0,0.0,0.0,0.3098514673746916,0.0,0.0,0.0,relu,64,,0.0,50,6,4,normal,10.0,<class 'keras.optimizers.Adam'>,2
185,200,0.06772513200001856,0.8660727739334106,0.8971169590950012,0.8593265414237976,0.06455949269371522,0.8799691200256348,0.9258858561515808,0.8576666116714478,relu,512,,0.2,200,4,6,normal,10.0,<class 'keras.optimizers.RMSprop'>,2
186,200,0.1268529780532842,0.8258064985275269,0.7808962464332581,0.9212395548820496,0.15354918536606013,0.8311330676078796,0.7935143709182739,0.9174339771270752,elu,64,"{0: 0.550402853804047, 1: 5.460036607687615}",0.2,200,6,6,he_normal,1.0,<class 'keras.optimizers.RMSprop'>,2
187,50,0.0693349590446862,0.8605661392211914,0.9030292630195618,0.844447135925293,0.06791060291018167,0.8777910470962524,0.9348879456520081,0.8452544808387756,relu,512,,0.2,50,4,4,he_normal,10.0,<class 'keras.optimizers.RMSprop'>,6
188,200,0.13477144255838236,0.8169306516647339,0.7551193833351135,0.9227759838104248,0.14662379892316968,0.8447985649108887,0.8028828501701355,0.9225073456764221,elu,512,"{0: 0.550402853804047, 1: 5.460036607687615}",0.2,200,4,6,normal,10.0,<class 'keras.optimizers.Adam'>,2
189,50,0.06831284930089108,0.8587666153907776,0.8947972059249878,0.8551587462425232,0.0662676799057544,0.8698398470878601,0.9242009520530701,0.8466753959655762,elu,64,,0.0,50,6,6,he_normal,10.0,<class 'keras.optimizers.RMSprop'>,6
190,50,0.5198268576890326,0.4936690330505371,1.0,0.2630836069583893,0.5251909858270014,0.4739423990249634,1.0,0.24704016745090485,relu,512,,0.0,50,4,6,normal,0.1,<class 'keras.optimizers.Adam'>,6
191,50,0.6556283128684882,0.0,0.0,0.0,0.6564795212219907,0.0,0.0,0.0,relu,512,,0.0,50,4,6,normal,0.1,<class 'keras.optimizers.Adam'>,2
192,200,0.07015781002898562,0.8633975982666016,0.8864226341247559,0.8656248450279236,0.06743092526649606,0.8749913573265076,0.923392653465271,0.8516994118690491,relu,512,,0.2,200,6,4,he_normal,1.0,<class 'keras.optimizers.Adam'>,6
193,50,0.12470287539903005,0.8361523151397705,0.795540452003479,0.9120358228683472,0.1562763488307919,0.8420624136924744,0.7947194576263428,0.9269274473190308,elu,512,"{0: 0.550402853804047, 1: 5.460036607687615}",0.2,50,4,6,he_normal,10.0,<class 'keras.optimizers.RMSprop'>,2
194,50,0.40956915193081256,0.6901519894599915,0.6009035706520081,0.867924690246582,0.4138710670595019,0.7053506970405579,0.6279600262641907,0.8650286793708801,elu,512,,0.0,50,6,6,normal,0.1,<class 'keras.optimizers.Adam'>,6
195,200,0.06923393607565123,0.8682787418365479,0.9165852069854736,0.8447736501693726,0.06664643335806761,0.875958263874054,0.9250356554985046,0.851686954498291,elu,512,,0.2,200,4,4,he_normal,1.0,<class 'keras.optimizers.RMSprop'>,2
196,200,0.06887412829607215,0.8656123876571655,0.8958635330200195,0.8598172068595886,0.06335360001932819,0.8835864067077637,0.9361799359321594,0.8541392087936401,elu,512,,0.0,200,4,4,he_normal,10.0,<class 'keras.optimizers.RMSprop'>,6
197,200,0.07490881810647947,0.8579434752464294,0.8823004364967346,0.8676114678382874,0.06327701439044611,0.8810536861419678,0.9161883592605591,0.8737562298774719,elu,64,,0.2,200,4,6,he_normal,10.0,<class 'keras.optimizers.RMSprop'>,2
198,200,0.11654500856806867,0.8217310905456543,0.7700306177139282,0.9149034023284912,0.15129146814701555,0.8110805153846741,0.7407773733139038,0.931350827217102,relu,512,"{0: 0.550402853804047, 1: 5.460036607687615}",0.2,200,4,4,normal,10.0,<class 'keras.optimizers.RMSprop'>,2
199,50,0.07239402267968119,0.8630639314651489,0.9085474014282227,0.8503527641296387,0.0718629655399288,0.8683059215545654,0.926994800567627,0.8439720869064331,relu,64,,0.2,50,6,6,normal,1.0,<class 'keras.optimizers.Adam'>,6
200,50,0.12930805229440587,0.8370705842971802,0.7899306416511536,0.9207341074943542,0.15562533807975273,0.837540864944458,0.7882812023162842,0.9272887706756592,elu,512,"{0: 0.550402853804047, 1: 5.460036607687615}",0.0,50,6,4,he_normal,10.0,<class 'keras.optimizers.Adam'>,2
201,50,0.14506312016594755,0.8140125274658203,0.7607482671737671,0.9095686674118042,0.16853394319702586,0.83299320936203,0.7873565554618835,0.9176653027534485,elu,512,"{0: 0.550402853804047, 1: 5.460036607687615}",0.2,50,6,6,he_normal,1.0,<class 'keras.optimizers.Adam'>,6
202,50,0.16504038735643226,0.7770776748657227,0.7195954322814941,0.9017511010169983,0.1934787550470889,0.7874278426170349,0.7351772785186768,0.9012473821640015,relu,64,"{0: 0.550402853804047, 1: 5.460036607687615}",0.0,50,4,6,he_normal,0.1,<class 'keras.optimizers.RMSprop'>,6
203,50,0.14059033805260684,0.8066356182098389,0.7499402165412903,0.9224741458892822,0.16063937831554276,0.8080016374588013,0.7560739517211914,0.9122069478034973,relu,64,"{0: 0.550402853804047, 1: 5.460036607687615}",0.2,50,4,4,he_normal,1.0,<class 'keras.optimizers.Adam'>,6
204,200,0.1195443756536097,0.8283678293228149,0.7888434529304504,0.9054103493690491,0.14088678741236857,0.8359816670417786,0.7825003862380981,0.9290847778320312,relu,512,"{0: 0.550402853804047, 1: 5.460036607687615}",0.0,200,4,6,he_normal,10.0,<class 'keras.optimizers.RMSprop'>,6
205,200,0.15209094497696887,0.7965880036354065,0.7231960892677307,0.9225273132324219,0.16620008734032266,0.8342762589454651,0.7816360592842102,0.9266456961631775,relu,512,"{0: 0.550402853804047, 1: 5.460036607687615}",0.2,200,6,6,normal,10.0,<class 'keras.optimizers.RMSprop'>,6
206,50,0.06752645913701155,0.8708248734474182,0.9041001200675964,0.8610911965370178,0.06633998265845971,0.8682377338409424,0.9062137603759766,0.8555702567100525,elu,512,,0.0,50,6,6,normal,10.0,<class 'keras.optimizers.Adam'>,6
207,50,0.06683017904605408,0.8651168942451477,0.9022738337516785,0.859347403049469,0.0661053224976213,0.860489010810852,0.9085322022438049,0.8481801748275757,elu,64,,0.0,50,6,4,normal,10.0,<class 'keras.optimizers.Adam'>,6
208,200,0.14989666674801397,0.7984064221382141,0.7445259094238281,0.9090261459350586,0.17894362446702558,0.8117880821228027,0.76170414686203,0.9169174432754517,relu,64,"{0: 0.550402853804047, 1: 5.460036607687615}",0.0,200,4,6,normal,0.1,<class 'keras.optimizers.RMSprop'>,2
209,50,0.06977406271802956,0.8227187395095825,0.9496535658836365,0.7471087574958801,0.06687917771581489,0.8700684309005737,0.9300071001052856,0.8447529077529907,relu,64,,0.2,50,6,6,he_normal,10.0,<class 'keras.optimizers.RMSprop'>,6
210,50,0.07180013445208068,0.869227409362793,0.9202883839607239,0.8491433262825012,0.06741278720072047,0.8677133321762085,0.9214310646057129,0.8470131158828735,elu,64,,0.2,50,4,4,he_normal,1.0,<class 'keras.optimizers.RMSprop'>,6
211,50,0.07931954311477522,0.8543298244476318,0.9122259616851807,0.8315507173538208,0.07116686844886644,0.8629050254821777,0.931767463684082,0.8289369940757751,relu,64,,0.2,50,4,4,he_normal,1.0,<class 'keras.optimizers.RMSprop'>,2
212,200,0.06762574900978696,0.8602310419082642,0.8996371626853943,0.8459689021110535,0.06525813856210898,0.8799687623977661,0.9196000099182129,0.8632794618606567,relu,512,,0.0,200,4,6,he_normal,1.0,<class 'keras.optimizers.RMSprop'>,6
213,200,0.06910486121368017,0.868058443069458,0.9121903777122498,0.8489167094230652,0.06495651451449741,0.877906084060669,0.9276359677314758,0.8525295257568359,relu,512,,0.2,200,4,6,normal,1.0,<class 'keras.optimizers.RMSprop'>,6
214,200,0.07395553467173138,0.8502193093299866,0.900522768497467,0.8364071249961853,0.07046823603449577,0.8648139834403992,0.9275676608085632,0.8362547159194946,relu,64,,0.2,200,6,6,normal,0.1,<class 'keras.optimizers.Adam'>,2
215,200,0.14083238881842683,0.8009507060050964,0.7340613603591919,0.9169453382492065,0.16119887050211099,0.8291552662849426,0.7760639190673828,0.9236947298049927,elu,512,"{0: 0.550402853804047, 1: 5.460036607687615}",0.0,200,4,6,normal,1.0,<class 'keras.optimizers.RMSprop'>,6
216,200,0.12721241994312035,0.8261779546737671,0.782402753829956,0.9197656512260437,0.1675721585414368,0.8299397826194763,0.7880555391311646,0.9199252724647522,elu,64,"{0: 0.550402853804047, 1: 5.460036607687615}",0.0,200,6,4,he_normal,0.1,<class 'keras.optimizers.RMSprop'>,2
217,50,0.06689134915920147,0.8581516742706299,0.9144304990768433,0.8340261578559875,0.06419945009950376,0.8703731894493103,0.9166580438613892,0.8547506928443909,elu,64,,0.0,50,4,6,normal,10.0,<class 'keras.optimizers.Adam'>,2
218,50,0.0677882213472047,0.8638957142829895,0.8908288478851318,0.8685121536254883,0.06842234933914568,0.8721033334732056,0.9295347332954407,0.8471919298171997,relu,64,,0.0,50,6,4,normal,10.0,<class 'keras.optimizers.RMSprop'>,6
219,200,0.09413094589542685,0.8483026027679443,0.9077504873275757,0.8173380494117737,0.09057858348425625,0.8589251637458801,0.91720050573349,0.8295614719390869,elu,512,,0.2,200,6,6,he_normal,0.1,<class 'keras.optimizers.Adam'>,2
220,50,0.5219890805341069,0.36699050664901733,0.24579563736915588,0.8458131551742554,0.4316085688405059,0.35854509472846985,0.2437361627817154,0.8455967307090759,elu,512,"{0: 0.550402853804047, 1: 5.460036607687615}",0.0,50,4,4,he_normal,0.1,<class 'keras.optimizers.RMSprop'>,6
221,200,0.2275626667941034,0.0,0.0,0.0,0.23273263966189695,0.0,0.0,0.0,relu,512,,0.2,200,6,6,normal,0.1,<class 'keras.optimizers.RMSprop'>,2
222,50,0.15594828492555482,0.8347128033638,0.9161753058433533,0.7950301766395569,0.1532301638242081,0.843183696269989,0.9252938032150269,0.7997446656227112,elu,64,,0.0,50,4,4,normal,0.1,<class 'keras.optimizers.Adam'>,2
223,50,0.07042156755073153,0.8671702146530151,0.9060513377189636,0.8526324033737183,0.06489504392271907,0.8768674731254578,0.9034290313720703,0.8731086850166321,relu,512,,0.0,50,4,4,he_normal,10.0,<class 'keras.optimizers.Adam'>,2
224,50,0.07171212118243887,0.863029420375824,0.9269589185714722,0.831506609916687,0.06592352231571957,0.8687006831169128,0.9173018336296082,0.8494835495948792,elu,64,,0.2,50,4,6,he_normal,10.0,<class 'keras.optimizers.Adam'>,6
225,50,0.06911348358725447,0.8671168088912964,0.8966357111930847,0.861943781375885,0.06489961330131451,0.8830370903015137,0.9215646982192993,0.8672183156013489,elu,512,,0.0,50,6,4,he_normal,10.0,<class 'keras.optimizers.Adam'>,2
226,50,0.555743727519431,0.5553488731384277,0.4072990417480469,0.9053794145584106,0.5048806311323979,0.5641381740570068,0.418680340051651,0.9108835458755493,elu,512,"{0: 0.550402853804047, 1: 5.460036607687615}",0.0,50,4,4,normal,0.1,<class 'keras.optimizers.Adam'>,6
227,50,0.06923850436389875,0.869251012802124,0.8915932178497314,0.870695173740387,0.06577491395971581,0.8749130368232727,0.9226986765861511,0.8511320352554321,elu,512,,0.2,50,4,6,normal,10.0,<class 'keras.optimizers.RMSprop'>,6
228,50,0.07090672154279265,0.8688204884529114,0.9002897143363953,0.8670005202293396,0.0654225953687704,0.8699409365653992,0.9284059405326843,0.8448426723480225,elu,64,,0.2,50,6,6,normal,10.0,<class 'keras.optimizers.RMSprop'>,6
229,200,0.1370293306344521,0.815733790397644,0.765142023563385,0.9171831607818604,0.1678343930298747,0.8260034322738647,0.7833043932914734,0.9185764789581299,elu,64,"{0: 0.550402853804047, 1: 5.460036607687615}",0.0,200,6,6,normal,0.1,<class 'keras.optimizers.RMSprop'>,6
230,200,0.185046621875133,0.7834396958351135,0.718463659286499,0.9008519649505615,0.19237855253142466,0.81391841173172,0.7638335227966309,0.9090057015419006,relu,512,"{0: 0.550402853804047, 1: 5.460036607687615}",0.0,200,4,6,he_normal,0.1,<class 'keras.optimizers.Adam'>,6
231,200,0.14982613090445157,0.7938381433486938,0.7163938879966736,0.9257521629333496,0.16304051074869028,0.832065761089325,0.7794098854064941,0.92584627866745,relu,512,"{0: 0.550402853804047, 1: 5.460036607687615}",0.2,200,6,4,normal,10.0,<class 'keras.optimizers.Adam'>,2
232,50,0.18420695338647064,0.7378643751144409,0.6547242403030396,0.9049696922302246,0.2023382382717169,0.7625848054885864,0.6934967637062073,0.906122088432312,relu,64,"{0: 0.550402853804047, 1: 5.460036607687615}",0.2,50,4,6,he_normal,0.1,<class 'keras.optimizers.Adam'>,2
233,50,0.14142261823324284,0.8021096587181091,0.7296072244644165,0.925168514251709,0.15517494305111895,0.8309698700904846,0.7826637625694275,0.9203200936317444,elu,512,"{0: 0.550402853804047, 1: 5.460036607687615}",0.2,50,6,4,he_normal,10.0,<class 'keras.optimizers.RMSprop'>,6
234,50,0.1201181498478505,0.0,0.0,0.0,0.12501591693954095,0.0,0.0,0.0,relu,512,,0.2,50,6,6,he_normal,1.0,<class 'keras.optimizers.Adam'>,2
235,200,0.1265550883681596,0.8161252737045288,0.7627291083335876,0.91215980052948,0.1472735057147628,0.8183373808860779,0.7527168393135071,0.9303666353225708,elu,512,"{0: 0.550402853804047, 1: 5.460036607687615}",0.2,200,6,4,he_normal,10.0,<class 'keras.optimizers.Adam'>,2
236,200,0.1127298517346471,0.8475520014762878,0.822163462638855,0.903704047203064,0.15454478483217327,0.8363206386566162,0.7880051732063293,0.9236226081848145,relu,512,"{0: 0.550402853804047, 1: 5.460036607687615}",0.2,200,4,4,normal,10.0,<class 'keras.optimizers.RMSprop'>,6
237,50,0.153839293080108,0.8125675320625305,0.7609168887138367,0.9182854294776917,0.1714003268088519,0.8241462111473083,0.7807106971740723,0.9161775708198547,relu,64,"{0: 0.550402853804047, 1: 5.460036607687615}",0.2,50,4,4,normal,1.0,<class 'keras.optimizers.RMSprop'>,2
238,50,0.07023930479454393,0.8639111518859863,0.9133597612380981,0.8463466763496399,0.06781887036909597,0.8766239881515503,0.9391241669654846,0.8480399250984192,relu,64,,0.0,50,4,6,he_normal,1.0,<class 'keras.optimizers.Adam'>,6
239,50,0.13076184794532475,0.8135542273521423,0.7524586915969849,0.9193037748336792,0.15562853802006618,0.8373323678970337,0.7874042391777039,0.9260151386260986,elu,512,"{0: 0.550402853804047, 1: 5.460036607687615}",0.2,50,6,6,he_normal,10.0,<class 'keras.optimizers.RMSprop'>,6
240,200,0.07163164011443966,0.8647230863571167,0.8941294550895691,0.8665280938148499,0.06881204003800404,0.865980327129364,0.907056450843811,0.8571072816848755,relu,64,,0.2,200,6,6,normal,0.1,<class 'keras.optimizers.Adam'>,6
241,200,0.06914882114106664,0.8648872971534729,0.8867156505584717,0.8738347291946411,0.06595377679224368,0.8740407824516296,0.9226028323173523,0.8568862080574036,relu,64,,0.2,200,4,4,he_normal,10.0,<class 'keras.optimizers.Adam'>,6
242,50,0.08694901845577724,0.826614499092102,0.9122322797775269,0.7864511609077454,0.08775630629934265,0.8368857502937317,0.9273832440376282,0.7895439863204956,relu,64,,0.2,50,6,4,he_normal,0.1,<class 'keras.optimizers.Adam'>,6
243,50,0.07027795051437528,0.8636005520820618,0.9083989262580872,0.8443337082862854,0.06517317084529746,0.8786788582801819,0.9144065976142883,0.8665233254432678,relu,512,,0.2,50,4,6,he_normal,10.0,<class 'keras.optimizers.Adam'>,2
244,50,0.07379967554190006,0.8643457889556885,0.8961866497993469,0.8573902249336243,0.07330384587083233,0.8773083090782166,0.9109495282173157,0.8677868247032166,relu,512,,0.0,50,4,6,normal,10.0,<class 'keras.optimizers.Adam'>,6
245,50,0.20924986139224783,0.7890730500221252,0.7410887479782104,0.8945200443267822,0.42416729878597736,0.8121051788330078,0.7763605713844299,0.8991595506668091,relu,64,"{0: 0.550402853804047, 1: 5.460036607687615}",0.2,50,4,6,normal,0.1,<class 'keras.optimizers.RMSprop'>,2
246,50,0.7102832394703642,0.0,0.08803887665271759,1.0,0.6985585813118377,0.0,0.09279057383537292,1.0,relu,512,"{0: 0.550402853804047, 1: 5.460036607687615}",0.0,50,6,6,normal,10.0,<class 'keras.optimizers.Adam'>,2
247,50,0.07082498813594264,0.8562304973602295,0.9232110977172852,0.8247858285903931,0.06872605012865358,0.8670752644538879,0.9212256073951721,0.846406877040863,relu,64,,0.2,50,6,6,he_normal,1.0,<class 'keras.optimizers.Adam'>,6
248,50,0.0780858677375515,0.8371292948722839,0.917076051235199,0.7979339361190796,0.07676357954658057,0.8586441278457642,0.9427330493927002,0.8136907815933228,elu,64,,0.2,50,6,4,he_normal,0.1,<class 'keras.optimizers.Adam'>,2
249,50,0.6986967170093442,0.0,0.08808767050504684,1.0,0.6984292051547535,0.0,0.09312859922647476,1.0,relu,64,"{0: 0.550402853804047, 1: 5.460036607687615}",0.2,50,4,6,normal,1.0,<class 'keras.optimizers.RMSprop'>,2
250,200,0.13323671730045114,0.8084756135940552,0.7473549246788025,0.926222026348114,0.14643482874052835,0.8160501718521118,0.7750611305236816,0.9042876362800598,elu,64,"{0: 0.550402853804047, 1: 5.460036607687615}",0.2,200,6,6,he_normal,1.0,<class 'keras.optimizers.Adam'>,6
251,50,0.1378021482808406,0.8093348741531372,0.7487640380859375,0.9255605936050415,0.1657324650849419,0.8269568085670471,0.7788376808166504,0.9282875061035156,elu,64,"{0: 0.550402853804047, 1: 5.460036607687615}",0.2,50,6,6,normal,1.0,<class 'keras.optimizers.RMSprop'>,6
252,50,0.6218100203631799,0.7406357526779175,0.6435292959213257,0.9282942414283752,0.5557341668746887,0.7673828601837158,0.682806134223938,0.9315191507339478,relu,64,"{0: 0.550402853804047, 1: 5.460036607687615}",0.0,50,6,4,normal,0.1,<class 'keras.optimizers.Adam'>,6
253,50,0.0763759421971438,0.8529979586601257,0.9184366464614868,0.8235323429107666,0.07436113463609256,0.8690850138664246,0.9459102749824524,0.8278892040252686,elu,64,,0.2,50,6,4,he_normal,0.1,<class 'keras.optimizers.RMSprop'>,6
254,200,0.13441006169518674,0.8214273452758789,0.7709971070289612,0.9237969517707825,0.1587452682003969,0.8302889466285706,0.7901896834373474,0.9161356091499329,elu,64,"{0: 0.550402853804047, 1: 5.460036607687615}",0.0,200,6,6,he_normal,0.1,<class 'keras.optimizers.RMSprop'>,6
255,50,0.15916663413274842,0.7738290429115295,0.7023611068725586,0.9134353399276733,0.17783566123122813,0.7950773239135742,0.7363047003746033,0.9145604372024536,elu,64,"{0: 0.550402853804047, 1: 5.460036607687615}",0.2,50,4,4,he_normal,0.1,<class 'keras.optimizers.Adam'>,2
256,50,0.13929754042702394,0.8264612555503845,0.781685471534729,0.9219702482223511,0.15928374373593093,0.8238700032234192,0.7797869443893433,0.9162916541099548,elu,64,"{0: 0.550402853804047, 1: 5.460036607687615}",0.0,50,4,4,he_normal,1.0,<class 'keras.optimizers.Adam'>,6
257,50,0.06805889533385394,0.8698116540908813,0.9116212725639343,0.8593915700912476,0.06832066229705153,0.8703886866569519,0.9200601577758789,0.852175772190094,relu,64,,0.2,50,6,6,normal,10.0,<class 'keras.optimizers.RMSprop'>,6
258,50,0.5933614847735255,0.22858254611492157,0.1482459306716919,0.9041194915771484,0.5469587633283963,0.24154578149318695,0.1590934544801712,0.9055489897727966,elu,512,"{0: 0.550402853804047, 1: 5.460036607687615}",0.0,50,6,4,he_normal,0.1,<class 'keras.optimizers.Adam'>,2
259,50,0.07053863291212605,0.8615221977233887,0.8921138048171997,0.8632211685180664,0.06687219822981501,0.8720566034317017,0.9089996814727783,0.868395984172821,relu,64,,0.2,50,6,4,normal,1.0,<class 'keras.optimizers.Adam'>,6
260,200,0.13889251347434176,0.8113706111907959,0.7506494522094727,0.9269715547561646,0.15277197513302726,0.827390193939209,0.786614716053009,0.9136205315589905,relu,64,"{0: 0.550402853804047, 1: 5.460036607687615}",0.2,200,6,4,he_normal,1.0,<class 'keras.optimizers.RMSprop'>,6
261,200,0.4653571497233594,0.6985465884208679,0.5897101163864136,0.9032104015350342,0.5618501794038807,0.7096140384674072,0.6056317687034607,0.9062424898147583,relu,512,"{0: 0.550402853804047, 1: 5.460036607687615}",0.0,200,4,4,normal,0.1,<class 'keras.optimizers.RMSprop'>,2
262,200,0.06784310567914063,0.8699997663497925,0.9070058465003967,0.8568840622901917,0.06729451043268832,0.8740789294242859,0.9383127093315125,0.8355456590652466,relu,512,,0.0,200,6,4,normal,10.0,<class 'keras.optimizers.Adam'>,6
263,50,0.20287465995539794,0.8078739047050476,0.7670616507530212,0.8899435997009277,0.20008636291684775,0.8229193091392517,0.8085750937461853,0.8746587038040161,elu,512,,0.2,50,4,6,he_normal,0.1,<class 'keras.optimizers.Adam'>,6
264,200,0.5255921324074402,0.6447442770004272,0.5079198479652405,0.9196048974990845,0.34998435070028505,0.6605833768844604,0.5366255640983582,0.9110071063041687,relu,512,"{0: 0.550402853804047, 1: 5.460036607687615}",0.0,200,4,6,he_normal,0.1,<class 'keras.optimizers.Adam'>,2
265,50,0.1053378281442794,0.8501858115196228,0.8284664154052734,0.9016985893249512,0.1481609142263705,0.8118894100189209,0.7413856983184814,0.9337131977081299,relu,512,"{0: 0.550402853804047, 1: 5.460036607687615}",0.2,50,6,6,he_normal,10.0,<class 'keras.optimizers.Adam'>,2
266,200,0.06806248251458819,0.8695612549781799,0.9081128835678101,0.8613316416740417,0.06372376700975048,0.8752152919769287,0.92647784948349,0.857027530670166,relu,64,,0.2,200,4,6,normal,10.0,<class 'keras.optimizers.Adam'>,2
267,200,0.20496494959284065,0.8222353458404541,0.7768834233283997,0.9178445339202881,0.18469922185870322,0.8278957009315491,0.7851455211639404,0.9168891906738281,relu,64,"{0: 0.550402853804047, 1: 5.460036607687615}",0.2,200,4,4,he_normal,0.1,<class 'keras.optimizers.Adam'>,2
268,50,0.1345935835379775,0.8359799385070801,0.8084666132926941,0.9096875190734863,0.16249286215284522,0.8362392783164978,0.7983923554420471,0.9215401411056519,relu,64,"{0: 0.550402853804047, 1: 5.460036607687615}",0.2,50,6,6,he_normal,1.0,<class 'keras.optimizers.RMSprop'>,6
269,50,0.12769127595889412,0.831687331199646,0.7908531427383423,0.9090173244476318,0.16440598950862073,0.8353931307792664,0.7886317372322083,0.9211961030960083,elu,512,"{0: 0.550402853804047, 1: 5.460036607687615}",0.2,50,6,4,he_normal,10.0,<class 'keras.optimizers.RMSprop'>,2
270,200,0.07059754151041495,0.8610631227493286,0.9360939860343933,0.8139784932136536,0.06188783223081416,0.8777156472206116,0.9189953804016113,0.859951913356781,relu,512,,0.2,200,6,6,he_normal,10.0,<class 'keras.optimizers.RMSprop'>,2
271,50,0.1130455869849219,0.0,0.0,0.0,0.11746818752124391,0.0,0.0,0.0,relu,512,,0.2,50,4,6,normal,1.0,<class 'keras.optimizers.Adam'>,6
272,200,0.14847322349138936,0.7990527749061584,0.7519903182983398,0.9035146832466125,0.16891291990032498,0.8132380247116089,0.7699928283691406,0.9063407182693481,relu,64,"{0: 0.550402853804047, 1: 5.460036607687615}",0.2,200,6,6,he_normal,0.1,<class 'keras.optimizers.Adam'>,2
273,50,0.07136753294270033,0.8587563633918762,0.9130700826644897,0.8394683599472046,0.07021733564663664,0.8755354285240173,0.926404595375061,0.8556804656982422,relu,64,,0.2,50,6,4,he_normal,1.0,<class 'keras.optimizers.Adam'>,6
274,50,0.07346927011045594,0.8570039868354797,0.9006339907646179,0.8404939770698547,0.07178152537250097,0.8774285316467285,0.9310571551322937,0.8485304117202759,elu,512,,0.2,50,6,6,normal,1.0,<class 'keras.optimizers.RMSprop'>,6
275,50,0.14842686724257226,0.791028618812561,0.7138454914093018,0.9228845834732056,0.15476988592823804,0.842475175857544,0.797717809677124,0.9245017170906067,elu,512,"{0: 0.550402853804047, 1: 5.460036607687615}",0.2,50,4,4,he_normal,10.0,<class 'keras.optimizers.Adam'>,2
276,200,0.073407198774469,0.8591138124465942,0.8970646858215332,0.8548312187194824,0.07164102079717084,0.8650803565979004,0.9139710664749146,0.8469939827919006,elu,64,,0.0,200,4,4,normal,0.1,<class 'keras.optimizers.Adam'>,6
277,200,0.07276899956892005,0.852544903755188,0.9003715515136719,0.8397706747055054,0.0696256831066311,0.8651912808418274,0.9193385243415833,0.8431530594825745,relu,64,,0.0,200,6,4,normal,0.1,<class 'keras.optimizers.Adam'>,6
278,50,0.11486148092315722,0.8389817476272583,0.916836678981781,0.8020596504211426,0.11961712391009073,0.8477756977081299,0.925186038017273,0.8099796175956726,relu,64,,0.2,50,6,4,normal,0.1,<class 'keras.optimizers.Adam'>,6
279,50,0.18363687454699462,0.7693512439727783,0.6862074136734009,0.9308515787124634,0.15478152857213998,0.8131408095359802,0.7730724215507507,0.9043322801589966,elu,64,"{0: 0.550402853804047, 1: 5.460036607687615}",0.2,50,4,4,normal,10.0,<class 'keras.optimizers.Adam'>,2
280,200,0.06881992350398813,0.8554800152778625,0.8881897926330566,0.8564814925193787,0.0627085402569856,0.87468421459198,0.9200526475906372,0.8608037233352661,relu,64,,0.0,200,4,4,he_normal,10.0,<class 'keras.optimizers.Adam'>,2
281,200,0.07403544022817084,0.8498174548149109,0.8963449001312256,0.8398463129997253,0.07164617776299802,0.8751211166381836,0.9316781163215637,0.849733829498291,elu,64,,0.2,200,4,4,normal,0.1,<class 'keras.optimizers.Adam'>,6
282,50,0.612075033882341,0.0,0.0,0.0,0.6144841231910053,0.0,0.0,0.0,relu,512,,0.0,50,4,4,normal,0.1,<class 'keras.optimizers.Adam'>,6
283,200,0.13548315486468065,0.8191092610359192,0.7566820979118347,0.9257521629333496,0.14846340975085437,0.8305065631866455,0.7746813297271729,0.9274479746818542,elu,512,"{0: 0.550402853804047, 1: 5.460036607687615}",0.0,200,4,6,normal,10.0,<class 'keras.optimizers.Adam'>,6
284,50,0.13833889230689844,0.8167786002159119,0.7639533877372742,0.922474205493927,0.15543747792895066,0.822800874710083,0.7738631367683411,0.9205127954483032,relu,64,"{0: 0.550402853804047, 1: 5.460036607687615}",0.2,50,6,6,he_normal,10.0,<class 'keras.optimizers.RMSprop'>,6
285,200,0.11766326231528133,0.8546949028968811,0.8398680686950684,0.9082766175270081,0.1695436704800757,0.8181044459342957,0.7672515511512756,0.9242761135101318,relu,64,"{0: 0.550402853804047, 1: 5.460036607687615}",0.0,200,6,4,normal,10.0,<class 'keras.optimizers.RMSprop'>,2
286,50,0.06867627039235358,0.8573412895202637,0.8940916061401367,0.853905200958252,0.06670113835006432,0.8642329573631287,0.9293920993804932,0.8319427371025085,elu,64,,0.2,50,4,6,he_normal,1.0,<class 'keras.optimizers.Adam'>,2
287,200,0.06791883278827765,0.8592261672019958,0.90494704246521,0.8393782377243042,0.0628026550807766,0.8796185851097107,0.9107890129089355,0.870842456817627,elu,512,,0.2,200,6,4,he_normal,10.0,<class 'keras.optimizers.Adam'>,2
288,50,0.17888573588776122,0.7569697499275208,0.6696330308914185,0.9115451574325562,0.19164354929826574,0.7778919339179993,0.7029992938041687,0.9131578207015991,relu,512,"{0: 0.550402853804047, 1: 5.460036607687615}",0.0,50,4,6,he_normal,1.0,<class 'keras.optimizers.RMSprop'>,6
289,200,0.14937632039711082,0.8080452680587769,0.7500519752502441,0.9198287129402161,0.22339373254786152,0.7976919412612915,0.7462548613548279,0.9028419852256775,relu,64,"{0: 0.550402853804047, 1: 5.460036607687615}",0.0,200,6,6,normal,0.1,<class 'keras.optimizers.RMSprop'>,2
290,50,0.06909609561208344,0.8669235706329346,0.9039232730865479,0.8545840978622437,0.06692047301868573,0.8794881105422974,0.9233800768852234,0.8592756986618042,elu,512,,0.2,50,4,6,he_normal,10.0,<class 'keras.optimizers.Adam'>,6
291,50,0.1420182259940675,0.8417892456054688,0.7953625321388245,0.923393726348877,0.15670983034684435,0.8294969797134399,0.7800799608230591,0.9191508293151855,relu,512,"{0: 0.550402853804047, 1: 5.460036607687615}",0.2,50,4,4,he_normal,10.0,<class 'keras.optimizers.RMSprop'>,2
292,50,0.6881748285132542,0.40823984146118164,0.25089243054389954,0.9564142823219299,0.6853333328723299,0.41800442337989807,0.2650447487831116,0.955044686794281,elu,512,"{0: 0.550402853804047, 1: 5.460036607687615}",0.0,50,4,6,normal,0.1,<class 'keras.optimizers.RMSprop'>,2
293,200,0.13621154843073552,0.8101972341537476,0.7395930886268616,0.9284117817878723,0.153412852904146,0.8202590942382812,0.7654287219047546,0.9188383221626282,relu,512,"{0: 0.550402853804047, 1: 5.460036607687615}",0.2,200,6,6,normal,1.0,<class 'keras.optimizers.Adam'>,6
294,50,0.5934991399614871,0.0,0.0,0.0,0.5966722757169773,0.0,0.0,0.0,relu,512,,0.2,50,6,6,he_normal,0.1,<class 'keras.optimizers.RMSprop'>,6
295,50,0.13194251006461266,0.8272866010665894,0.7751086950302124,0.9193037748336792,0.1518232007453471,0.8289390206336975,0.7779843211174011,0.9208658337593079,elu,512,"{0: 0.550402853804047, 1: 5.460036607687615}",0.0,50,6,6,he_normal,10.0,<class 'keras.optimizers.RMSprop'>,6
296,50,0.16032053236966398,0.7768044471740723,0.7183837890625,0.9008691906929016,0.18524322680345542,0.8049010038375854,0.7575103640556335,0.910060465335846,relu,64,"{0: 0.550402853804047, 1: 5.460036607687615}",0.2,50,4,6,normal,0.1,<class 'keras.optimizers.Adam'>,6
297,200,0.07359651204726819,0.8540149927139282,0.9113819003105164,0.8317774534225464,0.07224968603224184,0.8711809515953064,0.9380084276199341,0.8383930325508118,relu,64,,0.2,200,4,4,normal,0.1,<class 'keras.optimizers.Adam'>,6
298,200,0.07028341515538768,0.8654130101203918,0.9235517978668213,0.8328726291656494,0.06474981052272114,0.8783749938011169,0.9365214109420776,0.8448840975761414,relu,512,,0.0,200,6,6,normal,10.0,<class 'keras.optimizers.Adam'>,2
299,50,0.1345271245912476,0.7895728349685669,0.717236340045929,0.9308515787124634,0.16173538423538614,0.8211240172386169,0.7724767923355103,0.9196863770484924,elu,64,"{0: 0.550402853804047, 1: 5.460036607687615}",0.2,50,6,4,normal,10.0,<class 'keras.optimizers.RMSprop'>,6
300,200,0.14474227513839508,0.820208728313446,0.7644238471984863,0.9178664684295654,0.16768668425138986,0.832396924495697,0.7834168672561646,0.9215397834777832,relu,512,"{0: 0.550402853804047, 1: 5.460036607687615}",0.2,200,6,4,he_normal,1.0,<class 'keras.optimizers.Adam'>,2
301,50,0.5744550080402394,0.0,0.0,0.0,0.5784277043580095,0.0,0.0,0.0,relu,512,,0.0,50,6,4,normal,0.1,<class 'keras.optimizers.Adam'>,6
302,200,0.14553384925418023,0.8124940991401672,0.754858672618866,0.9142856597900391,0.16279036696031277,0.8285663723945618,0.7765184640884399,0.920997142791748,elu,512,"{0: 0.550402853804047, 1: 5.460036607687615}",0.0,200,4,4,he_normal,1.0,<class 'keras.optimizers.Adam'>,2
303,200,0.14152872637154773,0.8278533220291138,0.7726068496704102,0.922508955001831,0.15072855260738569,0.8494216799736023,0.8154298663139343,0.916294515132904,elu,512,"{0: 0.550402853804047, 1: 5.460036607687615}",0.0,200,6,4,he_normal,10.0,<class 'keras.optimizers.RMSprop'>,2
304,200,0.14217476045001906,0.8254826664924622,0.7801881432533264,0.9224112033843994,0.13801983152997904,0.8355614542961121,0.7859901785850525,0.9331437945365906,relu,64,"{0: 0.550402853804047, 1: 5.460036607687615}",0.2,200,6,6,he_normal,10.0,<class 'keras.optimizers.Adam'>,2
305,50,0.16475348870970932,0.8107607364654541,0.7710907459259033,0.9035146832466125,0.1845954135599518,0.8137191534042358,0.7724092602729797,0.9042397737503052,elu,64,"{0: 0.550402853804047, 1: 5.460036607687615}",0.0,50,4,6,he_normal,0.1,<class 'keras.optimizers.RMSprop'>,2
306,50,0.3861372025189993,0.693834662437439,0.6119498014450073,0.8597355484962463,0.3902980128391188,0.7144157886505127,0.6454228162765503,0.8599675893783569,elu,512,,0.2,50,6,6,normal,0.1,<class 'keras.optimizers.Adam'>,6
